{"cameraMode":{"drawMode":0,"name":"Shaded","section":"Shading Mode"},"sceneLighting":true,"audioPlay":false,"sceneViewState":{"m_AlwaysRefresh":false,"showFog":true,"showSkybox":true,"showFlares":true,"showImageEffects":true,"showParticleSystems":true,"showVisualEffectGraphs":true,"m_FxEnabled":true},"in2DMode":false,"pivot":{"x":1.3534891605377198,"y":2.8379549980163576,"z":-2.1518263816833498},"rotation":{"x":-0.017794597893953325,"y":0.9557923674583435,"z":-0.05915228649973869,"w":-0.2875106930732727},"size":3.09942364692688,"orthographic":false}